Subject,List,0,1,2,3,4,5,6,7,8,9,10,11,12,13,14,15,16
0,0,807.7551020408164,3175.170068027211,5387.052154195011,7843.5374149659865,10613.287981859412,13088.707482993197,15822.108843537417,20342.31292517007,24593.560090702947,28598.344671201816,31336.73469387755,,,,,,
0,1,1727.324263038549,4441.768707482994,7046.122448979591,11225.850340136054,14661.723356009072,17896.87074829932,20992.108843537415,24144.467120181405,28004.53514739229,33750.7029478458,36902.65306122449,44921.22448979592,60159.95464852608,,,,
0,2,1724.126984126984,3362.199546485261,6222.675736961452,9689.84126984127,13224.104308390024,16522.31292517007,,,,,,,,,,,
0,3,1355.578231292517,3323.4240362811793,6387.3015873015875,9118.140589569162,16516.780045351476,19377.256235827666,29822.517006802722,,,,,,,,,,
0,4,1369.8185941043084,3407.324263038549,6117.074829931973,8829.97732426304,11380.340136054421,14501.337868480725,17735.17006802721,,,,,,,,,,
0,5,1148.0272108843537,3959.501133786848,6961.72335600907,9480.430839002267,11981.609977324262,14861.746031746032,17721.224489795917,25917.596371882086,,,,,,,,,
0,6,1479.6371882086169,3696.8027210884356,6245.14739229025,8802.33560090703,11334.285714285714,14876.689342403628,17556.507936507936,20520.31746031746,24018.548752834467,28765.668934240362,49380.158730158735,,,,,,
0,7,1211.700680272109,3377.120181405896,5248.934240362812,8077.052154195011,10529.977324263038,14083.492063492065,29174.353741496598,37487.95918367347,49250.77097505669,,,,,,,,
1,0,626.077097505669,2651.519274376417,4934.081632653061,7323.492063492064,9387.369614512472,11604.51247165533,13557.868480725623,15458.208616780046,17298.571428571428,19584.37641723356,21480.884353741498,23639.95464852608,25493.12925170068,,,,
1,1,1091.496598639456,2755.215419501134,4372.925170068028,6214.988662131519,8359.931972789116,10209.546485260771,12129.115646258504,13855.532879818595,15961.56462585034,17737.551020408162,20322.65306122449,22124.98866213152,30100.0,31897.05215419501,,,
1,2,1203.9002267573696,2905.056689342404,4511.541950113378,6373.265306122449,8242.834467120181,10198.458049886622,12150.340136054423,14182.1768707483,16098.480725623585,18133.15192743764,20031.632653061228,24949.569160997733,,,,,
1,3,1209.7278911564626,3401.1111111111113,5081.111111111111,7178.594104308389,9205.30612244898,11693.265306122448,13674.37641723356,15770.272108843537,17639.138321995462,20477.551020408166,22930.18140589569,24760.56689342404,26479.84126984127,28550.97505668934,30456.303854875285,32066.89342403628,
1,4,1114.4217687074831,3445.532879818594,5812.857142857143,8069.3197278911575,10415.102040816328,12569.727891156463,14433.174603174602,16266.689342403626,18653.945578231294,20705.60090702948,23951.26984126984,26014.852607709752,28223.877551020407,30351.72335600907,32279.25170068027,33768.185941043084,
1,5,1085.4875283446713,2989.8185941043084,5560.31746031746,8060.385487528345,10493.650793650793,12633.310657596372,14699.047619047618,17097.68707482993,20244.648526077097,22477.188208616783,24617.86848072562,26922.19954648526,41398.77551020408,42996.417233560096,45114.98866213152,46699.50113378685,50191.02040816327
1,6,1480.544217687075,3339.433106575964,5435.918367346939,7623.877551020409,14796.530612244898,16490.61224489796,18441.700680272108,20571.26984126984,25833.151927437644,27764.53514739229,29399.773242630385,31252.94784580499,,,,,
1,7,2217.8684807256236,4060.2267573696145,6587.074829931973,8948.117913832199,11405.306122448981,13698.4126984127,16307.165532879819,18414.21768707483,20792.49433106576,22965.056689342404,25150.022675736964,26951.791383219956,29517.95918367347,31227.95918367347,,,
2,0,40.61224489795919,631.9501133786848,2468.3219954648525,3779.183673469388,5524.693877551021,7201.972789115646,9195.895691609978,10930.113378684808,20559.410430839,,,,,,,,
2,1,875.1020408163266,2571.7233560090704,4068.75283446712,5730.770975056689,7610.317460317461,9728.888888888889,11563.832199546485,15706.394557823129,17473.287981859412,26985.78231292517,,,,,,,
2,2,651.0204081632653,2267.732426303855,4436.303854875283,6754.897959183673,8689.569160997733,10950.022675736962,12796.190476190477,19074.399092970525,38591.95011337868,,,,,,,,
2,3,684.1723356009071,2596.3265306122453,4311.315192743765,6939.319727891157,8576.802721088436,10663.197278911564,27034.53514739229,,,,,,,,,,
2,4,944.3310657596372,3120.453514739229,6637.936507936508,8733.174603174604,10418.412698412698,12483.42403628118,14635.804988662132,16967.233560090706,19410.18140589569,21488.43537414966,25857.21088435374,31221.2925170068,,,,,
2,5,687.6190476190477,2650.476190476191,4108.91156462585,5631.609977324263,7293.628117913832,8970.612244897959,10580.907029478458,12469.84126984127,14521.723356009072,17111.11111111111,24859.591836734693,,,,,,
2,6,716.530612244898,2872.698412698413,5663.219954648526,8664.331065759636,10920.090702947846,13665.192743764173,16097.732426303857,18475.691609977326,23964.852607709752,,,,,,,,
2,7,528.8208616780046,1622.1541950113378,2976.190476190476,4575.78231292517,6213.038548752835,7904.693877551021,9679.07029478458,11473.151927437642,16649.43310657596,,,,,,,,
3,0,779.9546485260771,1823.4013605442176,3039.9773242630386,4108.775510204082,5292.7210884353735,6356.009070294785,7333.1292517006805,12293.514739229026,14364.399092970523,16066.439909297053,25319.95464852608,26955.60090702948,28790.24943310658,36706.57596371882,,,
3,1,1101.4739229024945,2846.8027210884356,4745.124716553289,6724.3764172335605,8559.319727891158,10553.832199546487,12525.238095238095,14276.984126984127,17029.79591836735,18784.39909297052,20720.362811791383,37716.689342403624,,,,,
3,2,1075.3968253968253,3771.609977324263,6298.59410430839,8894.807256235827,11225.62358276644,13673.968253968254,15877.573696145126,18808.004535147393,21027.00680272109,23389.886621315192,25375.55555555556,27972.607709750566,30017.664399092973,31915.73696145125,33766.78004535147,,
3,3,1438.3673469387754,3969.6145124716554,6726.666666666667,9969.591836734693,12555.12471655329,17124.21768707483,25326.41723356009,27570.47619047619,29591.473922902496,53817.75510204082,57939.115646258506,,,,,,
3,4,1582.4943310657598,3357.7551020408164,5062.222222222223,6587.34693877551,9119.297052154196,10718.072562358277,12553.446712018142,14489.818594104308,17457.66439909297,18959.97732426304,20645.62358276644,29037.981859410433,30886.462585034013,33294.0589569161,,,
3,5,1678.095238095238,3348.480725623583,5072.902494331066,8319.68253968254,9581.678004535148,19833.061224489797,23875.78231292517,31725.41950113379,33092.99319727891,34561.70068027211,41443.945578231294,,,,,,
3,6,2628.27664399093,4852.131519274376,6997.913832199546,9280.748299319726,11304.71655328798,13312.585034013606,18351.882086167803,20734.013605442175,24565.03401360544,,,,,,,,
3,7,2119.2743764172337,4735.736961451247,7486.938775510204,11904.69387755102,13661.020408163266,15824.603174603175,22324.625850340137,24055.714285714286,26056.757369614512,27911.360544217685,32831.70068027211,34772.789115646265,47103.15192743764,49262.22222222222,,,
4,0,366.3945578231292,1359.183673469388,2677.3015873015875,3849.2743764172337,8292.698412698412,9221.337868480725,12962.040816326531,13881.020408163266,35626.439909297056,37342.01814058957,,,,,,,
4,1,704.1723356009071,2122.879818594104,3593.1292517006805,5209.115646258503,6760.31746031746,16719.38775510204,38684.19501133787,43984.19501133787,,,,,,,,,
4,2,690.748299319728,1987.7777777777778,3598.956916099773,7960.47619047619,10528.480725623582,16716.643990929704,18190.77097505669,34580.657596371886,,,,,,,,,
4,3,1003.1292517006802,2372.1315192743764,3714.0589569160998,5276.213151927438,7688.798185941043,13863.333333333334,15184.580498866213,16465.804988662134,17793.1746031746,24086.621315192744,27762.65306122449,28824.648526077097,37594.39909297052,,,,
4,4,734.6485260770975,2061.609977324263,3597.845804988662,4808.412698412699,6407.891156462585,9324.081632653062,11021.020408163266,14162.81179138322,18010.52154195011,,,,,,,,
4,5,1135.1927437641725,2884.512471655329,5474.195011337868,7038.934240362812,8678.14058956916,17814.126984126986,21528.185941043084,27315.804988662134,42737.98185941043,,,,,,,,
4,6,599.6145124716553,2303.0839002267576,4393.038548752835,19246.12244897959,20776.122448979593,43518.594104308395,44855.102040816324,,,,,,,,,,
4,7,740.453514739229,2374.5578231292516,4143.106575963719,6203.718820861678,8807.777777777777,10552.403628117912,12444.467120181405,14453.650793650795,19825.034013605444,22593.061224489797,24287.256235827666,,,,,,
5,0,169.63718820861678,1860.5895691609978,3778.0272108843537,5450.430839002268,7273.560090702948,9852.267573696146,16283.650793650793,20268.39002267574,,,,,,,,,
5,1,1158.7755102040817,3348.458049886621,5834.693877551021,8001.4512471655335,10330.453514739229,12477.256235827666,14781.904761904761,17312.04081632653,19970.816326530614,21987.256235827666,40416.28117913832,,,,,,
5,2,1255.0340136054424,3665.8049886621316,5871.587301587302,8332.925170068027,10575.30612244898,12985.918367346938,14845.80498866213,17989.750566893425,22549.274376417234,51155.14739229025,,,,,,,
5,3,746.031746031746,4011.927437641724,6949.614512471656,9771.632653061224,12716.167800453515,15597.845804988661,17737.210884353743,20086.984126984127,22160.97505668934,,,,,,,,
5,4,1102.9024943310658,3412.9478458049884,5605.759637188209,7466.371882086169,9548.367346938776,11526.916099773242,13425.827664399094,15449.682539682539,17210.9977324263,19197.097505668935,21456.122448979593,24207.34693877551,26447.029478458047,31787.505668934242,,,
5,5,1204.7392290249431,3737.5963718820863,6155.1927437641725,8064.7845804988665,9964.399092970521,11866.031746031746,13725.918367346938,15700.92970521542,17804.55782312925,19852.19954648526,21907.93650793651,23993.197278911568,25819.591836734693,,,,
5,6,1375.827664399093,3579.614512471655,5643.5147392290255,7541.8594104308395,13919.750566893425,15672.19954648526,17614.285714285714,19306.235827664397,21089.22902494331,35007.573696145126,,,,,,,
5,7,1621.9954648526077,4009.4104308390024,5770.000000000001,7865.941043083901,9745.895691609978,11530.839002267574,,,,,,,,,,,
6,0,1022.4716553287982,1909.251700680272,2581.179138321995,3265.714285714286,3935.260770975057,5551.678004535147,6900.022675736961,10158.095238095239,11533.038548752835,15140.544217687077,28738.934240362814,43705.96371882086,,,,,
6,1,1342.6303854875284,2037.9591836734696,2816.893424036281,3444.9886621315195,6507.34693877551,7426.326530612245,10488.412698412698,10999.160997732426,26343.854875283447,28027.66439909297,33589.20634920635,55250.725623582766,,,,,
6,2,1184.37641723356,2404.8072562358275,3583.1746031746034,4738.027210884355,6067.414965986394,7277.142857142858,8593.106575963719,9494.263038548754,10842.01814058957,17255.57823129252,40041.49659863945,42005.487528344675,55064.82993197279,,,,
6,3,1036.9160997732426,1632.108843537415,2899.795918367347,3676.485260770975,5693.560090702948,6866.643990929705,7871.746031746032,8769.342403628118,9801.972789115647,11053.990929705215,13224.399092970521,19167.233560090703,21933.42403628118,42806.75736961452,,,
6,4,2009.9092970521544,2869.3197278911566,3657.2335600907027,4525.374149659864,5779.115646258504,7038.1405895691605,8380.181405895693,9763.378684807256,11151.746031746032,14978.14058956916,16694.852607709752,25304.331065759638,30660.9977324263,48043.21995464853,,,
6,5,1345.7823129251701,2129.297052154195,2938.4807256235827,4103.605442176871,5173.718820861678,6053.922902494331,7671.156462585034,13547.50566893424,21093.560090702947,26563.537414965984,,,,,,,
6,6,1096.1904761904761,2077.2789115646256,2717.2108843537417,4100.997732426304,4933.5147392290255,6265.578231292518,7385.986394557824,8328.004535147393,9550.975056689342,10534.739229024943,11463.356009070296,12658.412698412698,,,,,
6,7,1021.9501133786848,1695.4875283446713,2610.589569160998,3225.1247165532877,4509.795918367347,5313.265306122449,5851.473922902494,7213.764172335601,8376.054421768707,10210.702947845804,16887.709750566893,18638.276643990932,,,,,
7,0,543.1972789115647,1990.2267573696147,2819.591836734694,3930.7256235827667,4780.045351473923,6230.226757369615,7233.106575963719,8411.768707482994,18045.351473922903,22872.83446712018,25317.91383219955,46784.08163265306,48049.20634920635,49243.968253968254,52313.42403628118,52776.553287981864,53885.71428571428
7,1,1006.575963718821,2005.170068027211,3264.172335600907,4573.60544217687,5659.387755102041,7264.965986394558,16021.292517006803,20171.70068027211,,,,,,,,,
7,2,1015.8276643990929,2033.3786848072561,3367.1655328798183,4899.841269841269,6591.609977324263,7772.857142857143,13472.49433106576,,,,,,,,,,
7,3,979.0702947845805,1933.3786848072564,2952.6530612244896,4135.895691609978,5117.120181405896,6594.85260770975,7544.195011337869,9831.315192743765,13239.818594104308,16139.614512471657,,,,,,,
7,4,859.2970521541951,1991.2244897959183,3055.5102040816328,3978.7528344671205,5444.897959183674,6527.8231292517,7752.222222222223,9320.226757369614,10498.934240362812,12161.655328798186,18452.99319727891,,,,,,
7,5,859.7052154195012,2164.467120181406,4555.442176870749,5708.458049886622,7309.7732426303855,8702.403628117914,10031.496598639456,12643.809523809525,14456.961451247165,15734.943310657596,16930.544217687075,19010.52154195011,26477.233560090703,,,,
7,6,1057.8684807256236,2275.736961451247,6384.104308390022,7600.385487528345,11124.98866213152,12235.170068027212,14335.510204081633,18523.219954648524,,,,,,,,,
7,7,1312.5850340136053,2115.46485260771,3615.7596371882087,4755.827664399093,5750.158730158731,7176.825396825397,9334.875283446712,10413.401360544218,,,,,,,,,
8,0,1011.156462585034,3136.0544217687075,4831.995464852608,6940.884353741497,8723.696145124715,10576.349206349207,13177.142857142859,14978.185941043084,17087.800453514737,19113.786848072563,27430.725623582766,41280.793650793654,52927.68707482993,,,,
8,1,972.2675736961452,2985.011337868481,4632.630385487529,6319.0022675736955,8274.739229024943,10182.49433106576,12029.546485260771,13881.882086167801,15514.240362811792,17180.657596371882,19208.480725623584,20742.15419501134,22167.278911564626,39741.11111111111,46547.68707482993,51545.66893424036,
8,2,1039.7732426303855,2957.9138321995465,4997.845804988662,7029.115646258504,10741.315192743765,12752.879818594105,20276.73469387755,22116.666666666668,31431.2925170068,,,,,,,,
8,3,1269.1156462585034,2697.5056689342405,5470.680272108843,7865.578231292517,9420.045351473924,11245.011337868482,14082.403628117914,16575.646258503402,19236.122448979593,,,,,,,,
8,4,1149.2063492063492,2698.095238095238,4121.201814058957,6210.136054421769,7941.405895691611,9702.585034013606,22204.0589569161,24458.526077097507,37878.639455782315,,,,,,,,
8,5,1158.0045351473923,2690.3628117913836,4073.7414965986395,6963.265306122449,8455.78231292517,9766.349206349207,12167.845804988663,13795.532879818595,15629.501133786847,17676.145124716557,20792.33560090703,22676.73469387755,24345.57823129252,26385.9410430839,45436.30385487528,,
8,6,1151.4739229024945,3061.496598639456,4906.848072562358,7105.374149659864,9088.616780045351,12438.684807256235,17738.7074829932,20139.50113378685,22362.789115646257,24590.340136054423,26282.83446712018,28718.25396825397,30925.736961451246,,,,
8,7,1378.095238095238,3460.6349206349205,5585.46485260771,7665.14739229025,9785.14739229025,11649.546485260771,13548.458049886622,15596.371882086169,18586.07709750567,20333.42403628118,22033.333333333336,,,,,,
9,0,998.6167800453514,2070.861678004535,3428.1632653061224,4532.585034013606,6374.3764172335605,9792.857142857143,15196.439909297053,16354.444444444443,22623.968253968254,,,,,,,,
9,1,1506.7120181405896,2603.718820861678,3966.1451247165537,5359.20634920635,6604.399092970521,9617.732426303855,10948.253968253968,12253.28798185941,14036.326530612245,24716.643990929704,,,,,,,
9,2,1539.501133786848,2322.5850340136053,3284.0136054421773,4352.721088435374,7080.997732426304,7927.02947845805,9113.968253968254,10296.621315192744,12916.780045351476,26558.57142857143,,,,,,,
9,3,1288.7755102040817,2035.0566893424036,2963.718820861678,4050.9297052154193,5094.988662131519,6435.011337868481,9404.172335600908,10464.625850340137,12528.798185941045,,,,,,,,
9,4,2011.4739229024945,5554.603174603175,7838.9795918367345,8793.718820861677,11041.201814058957,12672.1768707483,23039.97732426304,39582.01814058957,,,,,,,,,
9,5,1619.4557823129253,2889.1609977324265,4233.219954648526,13254.263038548754,14117.551020408162,16903.718820861675,20224.444444444445,22061.11111111111,26601.40589569161,33776.32653061225,37392.811791383225,41076.39455782313,44189.297052154194,,,,
9,6,1410.748299319728,2595.555555555555,3607.7097505668935,4812.176870748299,7992.925170068028,12296.621315192744,13683.560090702947,,,,,,,,,,
9,7,804.013605442177,1647.641723356009,2731.746031746032,13545.6462585034,23687.482993197278,36951.47392290249,,,,,,,,,,,
10,0,622.5850340136054,1584.5578231292516,2743.151927437642,3760.839002267574,5333.5374149659865,6350.566893424037,7703.628117913832,9268.208616780044,10769.52380952381,23220.680272108842,24972.063492063495,,,,,,
10,1,1289.2517006802723,2379.546485260771,3555.374149659864,4615.510204081633,5705.283446712018,12685.102040816328,15091.700680272108,36499.183673469386,,,,,,,,,
10,2,1036.0997732426304,2936.031746031746,4527.097505668935,6649.115646258504,8577.369614512472,12207.210884353743,13759.546485260771,15223.877551020409,16639.02494331066,17883.90022675737,21396.689342403628,29447.755102040817,57707.93650793651,,,,
10,3,1355.3061224489795,3637.5510204081634,5718.367346938775,9671.201814058957,12705.759637188208,15397.414965986394,17264.852607709752,19459.50113378685,26178.185941043088,36532.31292517007,,,,,,,
10,4,1380.1133786848072,2902.2222222222226,5236.303854875284,6830.090702947846,8515.736961451248,10049.954648526076,14154.761904761905,26556.507936507936,34708.59410430839,38042.857142857145,,,,,,,
10,5,984.6485260770975,2030.9523809523807,3421.5646258503402,4609.727891156463,6815.374149659864,8304.580498866213,10430.408163265307,13983.514739229026,34627.052154195015,,,,,,,,
10,6,940.7709750566894,2477.120181405896,5109.7959183673465,6841.473922902494,8632.131519274375,14582.721088435374,18018.843537414967,21798.684807256235,27087.709750566893,34052.244897959186,,,,,,,
10,7,1431.655328798186,2582.9478458049884,3330.2494331065764,6452.993197278912,7530.249433106575,12231.655328798186,13774.421768707483,15816.507936507938,16924.331065759638,34600.49886621315,,,,,,,
11,0,765.6916099773243,2325.78231292517,4443.673469387755,6701.428571428572,9932.630385487528,11885.804988662132,14422.312925170068,16771.791383219956,19409.20634920635,22585.532879818595,24762.698412698413,27176.598639455784,29898.344671201816,33701.47392290249,40653.19727891156,,
11,1,949.6598639455782,3232.7664399092973,5872.018140589569,9291.904761904761,11941.292517006803,14364.603174603175,16602.67573696145,18755.62358276644,21832.403628117914,24690.997732426305,31544.149659863946,,,,,,
11,2,1305.3741496598639,3176.326530612245,5101.315192743765,7290.090702947846,8836.258503401361,10748.004535147393,12460.612244897959,16431.814058956916,18427.437641723354,21018.276643990932,24331.224489795917,26224.149659863946,35222.08616780046,,,,
11,3,1453.356009070295,3291.2925170068024,5371.133786848072,7996.8480725623585,10214.852607709752,12304.784580498866,15079.36507936508,20832.78911564626,24403.968253968254,26865.28344671202,29576.031746031746,42713.310657596376,47258.594104308395,,,,
11,4,1014.7165532879818,2687.573696145125,5357.981859410432,7058.75283446712,9459.274376417234,12087.573696145124,14535.215419501134,19212.993197278913,21443.242630385488,24520.566893424035,26388.253968253972,33794.013605442175,,,,,
11,5,1127.392290249433,3967.369614512472,6350.068027210885,8584.875283446712,10560.997732426305,12308.91156462585,15023.083900226757,16970.884353741498,19111.22448979592,24101.269841269845,30465.668934240362,,,,,,
11,6,1195.668934240363,2383.7414965986395,4053.4240362811797,5942.81179138322,8037.777777777778,10440.839002267574,12352.426303854874,15108.049886621317,18622.993197278913,21283.061224489797,22920.136054421768,,,,,,
11,7,1812.8798185941043,4232.81179138322,6379.909297052154,8361.201814058957,10511.156462585035,12647.98185941043,14617.573696145126,17886.07709750567,21547.891156462585,26675.102040816328,38000.884353741494,,,,,,
12,0,1440.6122448979593,2708.7074829931976,4153.90022675737,5517.619047619048,10967.052154195011,12587.732426303855,16779.297052154194,18074.058956916102,22207.369614512474,23224.39909297052,28042.018140589567,30158.004535147393,41178.0045351474,,,,
12,1,2708.163265306123,4308.662131519274,5923.1065759637195,7338.480725623584,9639.138321995466,13516.07709750567,15901.587301587302,17747.641723356006,22552.199546485263,25277.460317460318,30330.72562358277,32513.968253968258,48649.45578231293,,,,
12,2,1867.1655328798188,3286.258503401361,4724.331065759638,6342.879818594104,7918.435374149661,9330.975056689344,11137.00680272109,15017.34693877551,24636.780045351476,31097.188208616783,,,,,,,
12,3,1524.716553287982,3318.2086167800453,6126.39455782313,10073.945578231293,12604.37641723356,15595.328798185941,20854.42176870748,24050.385487528347,54018.662131519275,,,,,,,,
12,4,1399.4784580498867,2516.462585034014,4238.458049886622,6216.281179138322,9987.21088435374,15021.972789115647,19006.98412698413,21024.421768707485,25431.08843537415,31373.832199546483,33581.72335600907,,,,,,
12,5,1226.3492063492063,3114.0362811791383,6257.437641723356,11843.333333333334,14895.827664399092,18469.43310657596,22173.378684807256,25709.637188208617,28494.285714285717,35054.39909297052,43399.47845804988,,,,,,
12,6,1156.4625850340135,2701.360544217687,5396.0544217687075,8380.022675736962,11276.984126984127,14175.963718820862,25772.562358276646,29694.42176870748,32890.907029478454,41307.07482993197,,,,,,,
12,7,1672.2902494331067,3676.8934240362814,7428.820861678005,9804.353741496598,11974.353741496598,13803.90022675737,16390.725623582766,20559.25170068027,40225.69160997732,,,,,,,,
13,0,589.2063492063492,3221.065759637188,5491.904761904762,7799.795918367347,10043.333333333332,14043.718820861677,16572.312925170067,26828.68480725624,,,,,,,,,
13,1,1221.4285714285716,3388.5941043083903,5766.281179138322,8312.244897959185,10752.630385487528,12794.399092970521,15043.310657596372,16860.02267573696,18980.317460317463,21039.20634920635,26799.569160997733,47679.07029478458,,,,,
13,2,915.124716553288,3109.7732426303855,5387.02947845805,7647.052154195012,9876.031746031746,11910.2947845805,14353.242630385488,17818.276643990932,23851.655328798188,26714.240362811794,34983.67346938775,42680.61224489796,50318.43537414966,,,,
13,3,801.5873015873017,2443.5374149659865,4230.0,6209.52380952381,8122.698412698412,9849.818594104308,12191.904761904763,16433.174603174604,18393.786848072563,,,,,,,,
13,4,1108.43537414966,3195.3968253968255,5512.562358276644,7279.818594104308,9494.535147392291,,,,,,,,,,,,
13,5,774.9659863945578,2981.7233560090704,5286.167800453515,7373.265306122449,9766.621315192744,11844.036281179138,13849.773242630386,15805.102040816326,17924.104308390026,20368.480725623584,22746.09977324263,53566.12244897959,,,,,
13,6,767.1201814058957,2948.8208616780043,5060.680272108843,7351.08843537415,10072.562358276644,12725.918367346938,15366.916099773243,20377.414965986398,23468.91156462585,,,,,,,,
13,7,965.5782312925171,3119.183673469388,5140.6349206349205,7174.875283446712,10112.857142857143,12159.20634920635,14148.14058956916,15913.015873015873,,,,,,,,,
14,0,1239.3650793650795,3593.718820861678,5980.544217687075,8019.07029478458,10239.954648526078,12180.748299319728,14213.58276643991,16339.455782312925,18195.60090702948,20221.179138321997,21962.83446712018,35157.34693877551,59926.37188208617,,,,
14,1,1755.62358276644,4264.240362811791,6670.113378684808,9119.047619047618,11779.092970521542,14281.746031746032,17269.84126984127,19458.09523809524,22288.548752834467,24876.5306122449,27821.38321995465,30548.684807256235,33270.45351473923,35383.62811791383,,,
14,2,2087.5736961451244,4481.950113378684,18849.183673469386,19893.242630385488,21651.40589569161,24005.034013605444,26001.315192743765,29754.557823129253,31467.732426303854,34034.14965986395,36621.40589569161,40783.0612244898,43500.65759637188,47733.333333333336,,,
14,3,1524.5351473922904,3385.124716553288,5942.743764172335,8992.086167800453,11399.591836734695,13597.505668934242,15665.78231292517,17734.126984126986,19668.979591836734,22173.310657596372,27094.69387755102,39270.249433106575,,,,,
14,4,2237.9591836734694,4339.319727891157,13773.219954648526,15826.848072562358,20814.897959183676,23212.902494331065,25602.766439909297,28045.19274376417,30524.19501133787,32413.74149659864,34587.61904761905,,,,,,
14,5,1900.6349206349207,4100.861678004535,6943.424036281179,12327.052154195013,17490.2947845805,19612.31292517007,22541.451247165533,27155.26077097506,30650.385487528347,32904.01360544218,35135.124716553284,37365.102040816324,,,,,
14,6,962.4489795918367,2372.4716553287985,3510.8616780045354,4828.1405895691605,6826.235827664399,8101.768707482993,9510.385487528345,10900.884353741496,13290.997732426304,14878.775510204083,23642.131519274375,25382.06349206349,26959.886621315192,30303.42403628118,35452.42630385488,,
14,7,1773.7414965986395,4218.412698412698,6328.730158730159,8622.675736961452,10567.891156462585,12534.603174603175,14623.854875283447,17053.968253968254,18859.591836734693,20711.24716553288,22374.98866213152,25439.297052154194,39923.42403628118,,,,
15,0,896.0544217687076,2583.5374149659865,4320.6122448979595,5629.637188208617,6998.639455782313,8500.95238095238,10337.32426303855,11578.231292517006,13299.092970521542,28567.14285714286,34767.91383219955,45664.33106575964,,,,,
15,1,1203.718820861678,2859.6145124716554,4465.918367346939,6362.97052154195,8469.84126984127,10418.616780045351,12141.315192743765,14207.573696145126,34527.91383219954,,,,,,,,
15,2,1266.5532879818595,2582.108843537415,3881.451247165533,5238.344671201814,7760.340136054422,9628.775510204083,14235.14739229025,26549.297052154194,32920.56689342404,39619.160997732426,,,,,,,
15,3,1161.859410430839,2370.566893424036,3879.297052154195,5218.480725623583,7186.326530612245,9225.850340136054,10540.27210884354,11789.319727891156,13606.031746031746,15401.247165532879,18488.934240362814,20123.74149659864,35029.97732426304,,,,
15,4,970.702947845805,2738.843537414966,4577.64172335601,6276.825396825397,8656.643990929706,10453.401360544218,14438.117913832199,22089.569160997733,24015.26077097506,32862.74376417234,40191.42857142857,46190.589569161,,,,,
15,5,1171.4285714285716,2840.975056689342,4380.362811791383,6193.5147392290255,8391.451247165533,12217.210884353743,14295.034013605444,38113.71882086168,51022.74376417234,57533.87755102041,,,,,,,
15,6,1205.0340136054422,2997.8231292517007,4905.170068027211,6469.614512471655,8203.718820861677,17978.344671201816,30731.655328798188,,,,,,,,,,
15,7,1369.4104308390022,2633.8321995464853,4091.9727891156467,5828.934240362812,7664.172335600907,8859.115646258504,10830.0,11847.551020408164,12893.015873015873,21964.739229024945,,,,,,,
16,0,1758.4807256235829,3294.013605442177,4966.009070294785,6229.319727891157,7965.986394557823,9471.587301587302,10861.08843537415,12491.360544217689,13870.317460317461,18499.501133786845,23551.337868480725,,,,,,
16,1,1227.8684807256236,3133.764172335601,5155.170068027211,6973.015873015873,8867.64172335601,10400.430839002269,12419.297052154196,14503.537414965987,16136.326530612245,17954.98866213152,19764.149659863946,25521.927437641727,34366.34920634921,42875.05668934241,,,
16,2,1294.2403628117913,2870.0680272108843,4614.557823129251,6725.578231292518,8252.131519274377,10277.709750566893,11866.485260770976,13752.131519274377,15405.17006802721,25518.820861678007,29993.832199546487,34084.26303854876,,,,,
16,3,692.4716553287982,2337.3922902494332,4234.149659863946,5929.7732426303855,7812.879818594104,9494.85260770975,11082.630385487528,12742.78911564626,15344.920634920636,18864.96598639456,20684.53514739229,22328.73015873016,26673.151927437644,32792.56235827665,,,
16,4,823.968253968254,2733.8548752834467,4448.707482993197,6121.814058956917,8649.07029478458,10540.430839002267,13105.759637188208,14876.734693877552,21671.065759637186,23173.378684807256,28676.2358276644,32349.115646258502,45008.02721088436,46525.41950113379,48854.399092970525,,
16,5,1770.6802721088434,3432.6984126984125,10014.489795918367,11266.39455782313,18679.81859410431,23143.60544217687,24584.51247165533,26255.510204081635,35629.38775510204,54772.63038548753,,,,,,,
16,6,591.3378684807257,2121.882086167801,4233.424036281179,6312.97052154195,8631.972789115647,10904.240362811792,16143.786848072561,17826.281179138325,19740.861678004534,21611.428571428572,23507.777777777777,25403.015873015873,27401.224489795917,,,,
16,7,2435.419501133787,4203.1292517006805,6114.149659863946,8433.44671201814,10214.104308390024,12310.453514739229,14304.671201814059,16594.331065759638,18462.78911564626,20588.798185941043,22548.979591836734,24810.430839002267,26966.281179138325,29072.90249433107,37507.80045351474,,
17,0,772.5396825396825,2660.045351473923,4516.666666666667,6111.56462585034,7714.603174603175,9381.315192743765,11129.795918367348,16781.065759637186,21823.219954648524,31326.05442176871,47028.07256235828,,,,,,
17,1,1350.6575963718822,2894.716553287982,4722.403628117914,6120.022675736962,7584.444444444444,9086.757369614512,10534.08163265306,13198.117913832199,15035.192743764172,16530.272108843536,18654.081632653062,25662.380952380954,33712.01814058957,,,,
17,2,1515.3061224489797,3157.369614512472,4872.947845804989,6683.5374149659865,8396.984126984127,10369.274376417234,12887.165532879819,14543.764172335601,17745.419501133787,29504.058956916102,,,,,,,
17,3,2301.360544217687,4124.489795918367,5918.684807256236,7836.530612244898,9850.839002267574,12032.834467120181,14919.795918367347,17065.03401360544,19024.51247165533,25073.242630385488,30292.1768707483,34111.08843537415,,,,,
17,4,2059.5918367346935,4062.358276643991,5925.510204081633,7887.95918367347,10879.614512471657,13242.199546485263,16674.920634920636,19560.045351473924,21910.81632653061,24472.403628117914,26906.825396825396,,,,,,
17,5,1110.1360544217687,2443.7868480725624,4253.242630385488,6548.59410430839,8472.01814058957,11873.968253968254,13618.458049886622,15593.42403628118,18056.031746031746,19912.766439909297,21910.544217687075,29753.061224489797,33619.95464852607,45541.4739229025,,,
17,6,1650.907029478458,3929.1609977324265,6209.251700680272,9193.10657596372,12019.795918367347,15751.950113378685,22835.736961451246,44946.598639455784,,,,,,,,,
17,7,1064.3990929705217,3410.612244897959,5540.5895691609985,8184.240362811792,,,,,,,,,,,,,
18,0,4786.326530612245,6808.866213151928,8417.732426303855,10168.662131519275,12204.875283446712,14750.498866213153,17083.038548752837,19263.12925170068,24041.904761904763,26510.31746031746,33757.2335600907,,,,,,
18,1,1775.9863945578231,4808.390022675737,7384.829931972789,9628.775510204083,12389.138321995466,14663.015873015873,17204.69387755102,19858.866213151927,23536.73469387755,51641.9954648526,,,,,,,
18,2,1954.716553287982,4045.0793650793653,6052.131519274377,8215.01133786848,10471.473922902494,12626.394557823129,14958.820861678005,17329.092970521542,19541.85941043084,21878.39002267574,25457.392290249434,28185.260770975055,38777.27891156463,,,,
18,3,2064.2857142857147,4228.458049886622,6056.575963718821,7842.108843537416,10038.185941043084,12395.079365079366,14453.514739229026,16696.145124716553,22692.33560090703,25619.20634920635,41576.87074829932,,,,,,
18,4,1034.4897959183675,3063.1746031746034,5280.340136054422,7336.507936507937,9646.009070294784,12573.718820861679,15112.086167800455,17599.931972789116,20069.659863945577,23015.895691609978,25097.709750566893,27308.027210884353,,,,,
18,5,862.9705215419501,3544.0362811791383,6349.523809523809,10448.321995464854,13876.190476190477,17079.7052154195,21515.691609977323,26281.179138321997,31835.895691609978,34610.74829931973,37531.337868480725,,,,,,
18,6,1292.2222222222222,3649.8185941043084,6209.863945578231,9030.340136054421,11997.777777777777,14575.056689342404,17689.954648526076,20476.507936507936,23006.621315192744,25503.809523809527,28131.496598639456,30767.029478458047,,,,,
18,7,2562.312925170068,4892.562358276644,7343.061224489797,10281.882086167801,13862.19954648526,16102.993197278913,18534.353741496598,21555.260770975055,28980.521541950115,,,,,,,,
19,0,563.2653061224489,1610.0453514739231,2451.2244897959185,3468.480725623583,4593.174603174603,5858.730158730159,7840.544217687075,16136.462585034014,28178.934240362814,29281.133786848073,36896.73469387755,,,,,,
19,1,1632.358276643991,2977.2562358276646,8726.394557823129,11056.916099773243,12369.750566893425,19640.430839002267,28914.444444444445,40430.56689342404,,,,,,,,,
19,2,1535.668934240363,3321.451247165533,5116.077097505669,6723.106575963719,8347.66439909297,10188.616780045353,16752.358276643994,25863.7641723356,34054.98866213152,,,,,,,,
19,3,1392.766439909297,3068.140589569161,6762.562358276644,12676.802721088436,20042.403628117914,20765.102040816328,21835.374149659863,24876.34920634921,61229.52380952381,,,,,,,,
19,4,1758.888888888889,3226.8934240362814,8232.290249433107,11412.403628117914,13044.104308390024,18643.26530612245,21297.437641723354,23124.852607709752,26964.263038548754,29304.648526077097,31213.65079365079,57015.034013605444,,,,,
19,5,1858.8888888888891,3154.081632653061,5596.326530612245,7223.469387755103,9455.14739229025,15791.496598639456,25994.331065759638,29431.83673469388,31088.866213151927,32446.598639455788,34298.36734693877,46520.61224489796,,,,,
19,6,1136.5306122448978,2904.37641723356,6796.349206349207,7994.104308390023,20247.98185941043,,,,,,,,,,,,
19,7,1666.0090702947846,4016.0317460317465,5400.272108843538,6947.7324263038545,8358.730158730159,9904.671201814059,11712.426303854876,13234.988662131518,16893.219954648524,20445.623582766442,22990.000000000004,26024.263038548754,27493.58276643991,50890.09070294785,58420.8843537415,,
20,0,802.9931972789116,2472.018140589569,4110.816326530612,5738.616780045351,7223.12925170068,9217.34693877551,10746.57596371882,12275.260770975057,33339.88662131519,37400.680272108846,55250.27210884354,,,,,,
20,1,1097.9138321995465,2975.736961451247,4834.195011337869,9565.510204081633,11249.727891156463,13116.55328798186,15382.993197278913,18924.51247165533,34287.30158730158,,,,,,,,
20,2,906.1451247165533,2633.8321995464853,4495.736961451247,6336.0770975056685,11986.507936507938,15695.14739229025,31352.086167800455,,,,,,,,,,
20,3,1052.1768707482993,2671.428571428571,4820.6349206349205,6925.850340136055,30674.01360544218,,,,,,,,,,,,
20,4,729.6598639455782,2855.46485260771,4823.492063492064,6940.748299319728,9059.909297052154,12341.609977324262,20966.73469387755,,,,,,,,,,
20,5,1259.3197278911566,2966.6439909297055,5315.873015873016,7499.410430839002,9406.145124716553,11466.87074829932,25704.82993197279,,,,,,,,,,
20,6,719.9773242630386,2553.4920634920636,4099.410430839002,6046.0544217687075,8084.263038548754,9680.181405895692,11729.38775510204,13775.442176870749,19879.591836734693,,,,,,,,
20,7,664.3764172335601,2392.9024943310656,4518.004535147393,6289.591836734694,7994.308390022676,10209.319727891156,12362.811791383221,14350.61224489796,16215.600907029479,34983.31065759637,,,,,,,
21,0,967.5736961451248,2122.925170068027,3706.326530612245,5361.927437641723,27564.21768707483,31385.396825396823,,,,,,,,,,,
21,1,1864.6031746031747,4493.74149659864,6695.2154195011335,8377.619047619048,10485.941043083902,15523.151927437642,17527.755102040817,19604.580498866213,26001.337868480725,27357.21088435374,28639.863945578232,,,,,,
21,2,1307.0068027210884,3206.2131519274376,5213.673469387755,8011.337868480727,10002.244897959183,14177.845804988661,16642.879818594105,22874.965986394556,31632.31292517007,37175.62358276644,,,,,,,
21,3,1451.3378684807255,3659.954648526077,7394.67120181406,11525.260770975057,14438.480725623584,16987.84580498866,20058.43537414966,38505.056689342404,,,,,,,,,
21,4,1383.1065759637188,4353.718820861678,7382.448979591837,15937.233560090703,18863.537414965987,21963.061224489797,33693.44671201814,49372.51700680272,,,,,,,,,
21,5,1409.5011337868482,3925.78231292517,6701.473922902494,12433.696145124717,15728.367346938776,18599.79591836735,24848.798185941043,31113.197278911564,37686.031746031746,,,,,,,,
21,6,1887.0975056689342,4422.630385487529,6744.512471655329,9575.804988662132,15883.242630385486,19893.44671201814,23621.927437641723,27384.98866213152,,,,,,,,,
21,7,1934.2857142857144,4808.866213151928,9025.532879818595,12221.927437641723,20334.82993197279,33140.0,43841.02040816327,,,,,,,,,,
22,0,1012.7210884353741,2683.0158730158732,4108.27664399093,5907.482993197279,7870.793650793651,10058.730158730159,12913.945578231293,14901.043083900227,16453.786848072563,18361.655328798184,26813.083900226757,32583.85487528345,,,,,
22,1,1355.8956916099773,2790.15873015873,5092.358276643991,6741.972789115646,8452.993197278913,13121.927437641723,15173.718820861679,17674.920634920636,23858.14058956916,26049.659863945577,34996.621315192744,53251.95011337868,,,,,
22,2,1233.8321995464853,3926.077097505669,6289.818594104308,9410.839002267574,11301.814058956916,14235.124716553288,16375.918367346942,18476.984126984127,20472.63038548753,22848.480725623584,24840.566893424035,26581.927437641723,28602.63038548753,,,,
22,3,1167.1655328798188,8033.44671201814,9974.557823129253,13843.628117913833,15904.807256235827,19778.843537414967,22473.650793650795,25765.351473922903,28741.36054421769,30998.979591836738,34185.986394557825,37502.74376417234,46838.86621315193,49464.03628117914,56173.7641723356,,
22,4,1393.7868480725624,4855.555555555556,7820.045351473923,10065.12471655329,12588.707482993197,17840.566893424035,19676.643990929704,21794.51247165533,35525.079365079364,42483.08390022676,44095.941043083905,46213.922902494334,50303.06122448979,,,,
22,5,1789.9319727891157,3463.2426303854877,5755.46485260771,8232.040816326531,11903.378684807256,14228.095238095239,16619.614512471657,18831.791383219956,21998.4126984127,24130.385487528343,26722.33560090703,32026.167800453513,35178.34467120181,47793.0612244898,,,
22,6,1141.7913832199547,2945.6916099773243,5552.312925170068,7893.106575963719,9888.049886621315,12130.566893424037,14805.419501133787,18176.598639455784,20400.884353741498,22511.72335600907,24465.32879818594,26128.775510204083,28375.30612244898,36695.35147392291,,,
22,7,1269.8412698412699,3460.5215419501137,5666.8707482993195,8400.566893424037,10527.278911564625,12534.331065759638,14935.827664399094,19307.460317460318,22635.895691609978,26051.24716553288,32146.258503401365,33811.836734693876,48308.07256235828,50810.27210884354,,,
23,0,1315.1473922902494,3488.7301587301586,5546.916099773242,7727.7324263038545,9887.34693877551,11920.045351473924,13638.299319727892,15649.931972789116,18069.84126984127,20819.52380952381,23229.0022675737,27707.233560090703,53089.09297052154,,,,
23,1,1195.668934240363,3074.6258503401364,5537.528344671202,7443.265306122449,9704.308390022676,11747.823129251701,13823.945578231293,15509.478458049887,17710.97505668934,20462.78911564626,22445.034013605444,30640.113378684808,35100.634920634926,,,,
23,2,2343.6507936507937,3899.6598639455783,5660.136054421769,7675.759637188209,10786.507936507936,12899.206349206348,15988.458049886622,20063.62811791383,21748.979591836738,26596.417233560092,51225.578231292515,,,,,,
23,3,1380.2267573696145,2943.786848072563,4677.3015873015875,6015.487528344672,8086.190476190476,10210.589569160999,12222.517006802722,14405.102040816328,20131.201814058957,,,,,,,,
23,4,1518.843537414966,3782.857142857143,5794.195011337869,7976.734693877552,10452.879818594103,12384.671201814059,14217.48299319728,16345.328798185943,18839.297052154194,21340.680272108846,,,,,,,
23,5,1047.324263038549,2531.9727891156463,5312.539682539683,7865.895691609978,10048.027210884355,12004.965986394558,17901.995464852607,24354.580498866213,33862.44897959184,,,,,,,,
23,6,1264.716553287982,3347.256235827664,5379.07029478458,7269.727891156463,9201.541950113378,11346.07709750567,13935.578231292517,15842.630385487528,18979.614512471657,23375.17006802721,26611.587301587304,29223.197278911568,31369.569160997733,,,,
23,7,926.3945578231293,2341.24716553288,3698.140589569161,5054.013605442176,7432.81179138322,9134.739229024943,10828.820861678005,12884.036281179138,15767.142857142859,17391.700680272108,19349.773242630385,21263.65079365079,23435.80498866213,25191.247165532877,28976.37188208617,,
24,0,605.7142857142858,1728.9795918367347,3337.732426303855,4576.643990929705,6300.385487528345,7636.780045351475,11643.446712018142,47518.86621315193,48693.287981859416,50148.04988662132,51337.86848072562,53067.120181405895,56068.84353741497,58132.01814058957,,,
24,1,2375.2607709750564,3449.387755102041,6035.510204081633,7814.353741496599,9420.975056689344,10624.739229024943,12266.39455782313,13878.707482993197,15470.657596371882,18352.94784580499,21562.879818594105,,,,,,
24,2,1020.2494331065759,2456.4852607709754,3768.072562358277,5434.7845804988665,6961.043083900227,8482.607709750568,9838.59410430839,11216.281179138323,12571.8820861678,20942.33560090703,25513.26530612245,26426.12244897959,33298.79818594104,34783.310657596376,42557.46031746032,,
24,3,1060.0226757369614,2111.201814058957,3818.049886621315,6247.460317460318,9400.680272108842,10672.244897959183,12164.308390022676,13562.65306122449,14959.160997732428,16493.58276643991,18252.04081632653,30620.317460317463,,,,,
24,4,988.7074829931973,1957.4149659863947,2718.1179138321995,3573.5374149659865,6683.333333333334,7621.972789115646,8767.029478458051,9653.92290249433,10878.730158730159,14157.755102040817,25347.097505668935,31408.73015873016,33645.78231292517,34578.707482993195,,,
24,5,823.5374149659864,1613.8775510204082,2656.077097505669,4380.77097505669,6532.562358276645,8986.462585034014,9730.521541950113,15998.503401360544,19779.95464852608,23517.097505668935,30342.92517006803,,,,,,
24,6,772.9705215419501,1922.4489795918366,3102.2448979591836,3981.360544217687,6244.263038548753,8822.97052154195,11124.467120181405,12148.027210884355,,,,,,,,,
24,7,784.3764172335601,1865.9183673469388,4747.505668934241,5348.526077097506,6191.24716553288,9940.090702947846,11191.56462585034,11877.210884353743,15642.721088435375,16605.60090702948,20291.74603174603,,,,,,
25,0,1645.7369614512472,3615.736961451247,5574.852607709751,7722.358276643991,9700.77097505669,11424.308390022676,13478.208616780046,15441.06575963719,17363.492063492064,21766.598639455784,29743.877551020407,,,,,,
25,1,2531.541950113379,5532.335600907029,8396.485260770974,10975.328798185941,13941.24716553288,16750.95238095238,19573.12925170068,27893.87755102041,30510.521541950115,33010.34013605442,36311.40589569161,39060.18140589569,,,,,
25,2,2275.011337868481,4645.011337868481,7801.655328798186,10546.462585034014,13257.074829931973,16067.256235827663,19056.780045351472,22302.743764172337,24895.396825396827,27631.950113378687,30565.532879818595,,,,,,
25,3,3360.204081632653,5746.734693877551,8657.936507936509,11134.013605442178,14220.045351473922,17169.841269841272,19961.08843537415,22584.08163265306,25711.791383219956,28491.224489795917,31344.285714285714,34564.60317460318,37833.49206349206,41058.77551020408,,,
25,4,3121.0204081632655,5639.319727891157,8681.405895691609,11596.73469387755,14185.555555555557,17223.37868480726,21199.97732426304,24159.750566893425,27065.668934240362,31060.090702947848,33756.75736961451,,,,,,
25,5,3108.4807256235827,5867.528344671202,8485.124716553288,11062.698412698413,13933.58276643991,16983.62811791383,19836.689342403628,22763.26530612245,25074.01360544218,27587.05215419501,30821.904761904763,48511.70068027211,,,,,
25,6,3568.9115646258506,6255.442176870749,8893.809523809525,11899.138321995466,14439.659863945579,18266.25850340136,21822.04081632653,24627.414965986398,27760.136054421768,44498.02721088435,46773.44671201814,49462.970521541945,,,,,
25,7,2782.6984126984125,5340.748299319728,8499.637188208617,11163.378684807256,13586.371882086167,16322.630385487528,18927.414965986394,21837.619047619046,30373.12925170068,33044.71655328798,46445.26077097506,,,,,,
26,0,1068.888888888889,3117.8004535147393,4684.8072562358275,6463.219954648526,8021.972789115645,9855.079365079366,11625.351473922903,13566.417233560092,19451.904761904763,31205.827664399094,37023.877551020414,43044.12698412698,47074.58049886621,,,,
26,1,1276.5532879818595,3377.641723356009,6442.539682539683,8967.98185941043,11500.544217687075,14362.312925170068,16656.689342403628,19493.356009070296,24304.897959183672,35735.80498866213,42036.8253968254,46968.93424036281,55098.45804988663,,,,
26,2,1272.4036281179137,3423.4920634920636,5883.9682539682535,7886.167800453514,10436.961451247165,12562.97052154195,14672.947845804989,16761.315192743765,19480.045351473924,21973.40136054422,24270.02267573696,31229.750566893425,34072.426303854874,38405.623582766435,56300.56689342404,,
26,3,986.5079365079365,2632.1315192743764,4268.0952380952385,6284.421768707483,8269.818594104308,10315.351473922903,12519.7052154195,15193.12925170068,17550.02267573696,19964.195011337866,23779.97732426304,26080.27210884354,29171.111111111113,31820.907029478458,38169.79591836735,43300.13605442177,
26,4,1101.1791383219957,3345.124716553288,5531.836734693878,8338.253968253968,10588.344671201814,13674.036281179138,16201.043083900227,18892.448979591838,21307.505668934242,23738.049886621317,26319.909297052156,33220.06802721089,36223.15192743764,43278.20861678005,,,
26,5,1088.7755102040817,3222.312925170068,5297.02947845805,8541.70068027211,10835.079365079364,13572.766439909297,15916.893424036281,18110.839002267574,20834.557823129253,23194.739229024945,25824.172335600906,27977.09750566893,30758.68480725624,33755.6462585034,40703.28798185941,42618.594104308395,
26,6,1258.7301587301588,3696.2585034013605,6063.1292517006805,8203.809523809523,10778.57142857143,13107.142857142857,16301.541950113378,18697.16553287982,20976.87074829932,23628.684807256235,26379.20634920635,29047.64172335601,31489.863945578232,38118.820861678,45914.48979591837,52169.93197278911,
26,7,1304.580498866213,3601.08843537415,5692.607709750568,8055.62358276644,10300.702947845804,12526.462585034014,14888.639455782313,17156.666666666668,19529.251700680274,22056.5306122449,24338.798185941043,29369.54648526077,32218.61678004535,42646.37188208617,,,
27,0,1451.315192743764,3521.315192743764,5554.85260770975,7374.126984126984,9305.9410430839,11198.843537414967,13222.698412698413,15236.281179138321,17135.895691609978,19068.14058956916,21009.931972789116,23033.492063492067,28691.768707482992,,,,
27,1,1166.5532879818595,3264.761904761905,5923.5147392290255,8058.185941043083,10158.231292517006,12323.537414965987,14022.312925170068,16965.28344671202,25188.93424036281,27478.59410430839,37238.39002267574,,,,,,
27,2,1530.1133786848075,3427.5963718820863,5591.179138321996,7897.528344671202,9865.827664399094,13116.485260770976,15674.943310657596,19287.16553287982,22175.555555555555,27647.36961451247,42826.39455782313,,,,,,
27,3,1288.7981859410431,3772.902494331066,6094.467120181406,8435.260770975057,10482.33560090703,12442.65306122449,14441.5873015873,17167.868480725625,24089.81859410431,32148.004535147393,,,,,,,
27,4,1390.907029478458,2910.453514739229,4766.4852607709745,6991.496598639456,8732.131519274377,10910.113378684808,14385.714285714286,16384.21768707483,18431.995464852607,20470.090702947848,22299.070294784582,,,,,,
27,5,1324.8072562358277,2644.5124716553287,4334.308390022676,6016.984126984127,7842.65306122449,9351.678004535148,10869.251700680274,12445.215419501134,14233.469387755102,18136.417233560092,22936.39455782313,31305.714285714286,,,,,
27,6,2375.419501133787,4079.886621315193,5728.231292517007,7649.3424036281185,9552.811791383221,11571.972789115647,13355.78231292517,15156.825396825398,17113.446712018143,19001.24716553288,20885.48752834467,22729.81859410431,29791.927437641723,,,,
27,7,920.1133786848072,2983.469387755102,4609.024943310658,6612.630385487529,8201.428571428572,10054.331065759638,12680.181405895692,14464.421768707483,16218.321995464852,18130.068027210884,20109.750566893425,24353.174603174604,33233.87755102041,,,,
28,0,1235.7142857142858,3327.1882086167802,5565.850340136055,7507.64172335601,9403.28798185941,11346.507936507936,13306.734693877552,27203.265306122452,,,,,,,,,
28,1,1666.6439909297053,3055.9637188208617,5188.91156462585,6763.990929705215,8886.031746031746,10321.269841269843,15850.340136054421,18943.151927437644,20703.287981859412,22973.469387755104,25168.231292517008,26751.451247165533,,,,,
28,2,2916.031746031746,4923.854875283447,10381.020408163266,17808.004535147393,19496.2358276644,26268.91156462585,41583.74149659864,,,,,,,,,,
28,3,2409.750566893424,4363.9229024943315,5966.39455782313,8950.249433106575,10697.732426303855,12994.943310657596,15466.099773242631,19567.05215419501,21321.541950113377,23330.136054421768,26736.802721088436,28425.011337868484,,,,,
28,4,5609.954648526077,7354.172335600907,8674.308390022676,28072.426303854874,29562.92517006803,32254.46712018141,,,,,,,,,,,
28,5,6748.730158730159,7904.7845804988665,9461.224489795919,11337.460317460318,13049.591836734693,15313.310657596372,16742.94784580499,18140.2947845805,25770.680272108846,,,,,,,,
28,6,4734.897959183674,6473.718820861678,8601.428571428572,17272.01814058957,25210.317460317463,,,,,,,,,,,,
28,7,2932.403628117914,4973.922902494331,6841.927437641724,9084.875283446712,11217.8231292517,12981.088435374151,14659.637188208617,17076.099773242633,20014.80725623583,22609.909297052156,31963.990929705215,58976.25850340136,,,,,
29,0,619.8639455782313,1914.3990929705217,3699.3650793650795,5393.696145124717,7120.498866213153,8833.356009070296,10370.725623582766,15645.374149659863,23309.65986394558,28711.224489795917,31891.08843537415,,,,,,
29,1,1041.904761904762,2648.639455782313,4200.975056689343,5657.120181405896,7344.625850340136,8989.251700680272,11144.285714285716,22364.081632653062,27863.809523809527,34698.77551020408,,,,,,,
29,2,1059.4331065759636,2802.9251700680275,4367.482993197279,6056.802721088436,7651.133786848072,9495.510204081633,11159.36507936508,12641.882086167801,14706.598639455782,16466.485260770976,19063.537414965984,38487.68707482993,,,,,
29,3,1156.2811791383222,2802.7437641723354,4540.952380952381,6293.832199546485,8115.532879818595,9614.013605442176,11480.022675736962,13040.317460317461,15187.210884353743,17001.201814058957,20363.990929705218,30064.80725623583,40551.54195011338,,,,
29,4,365.28344671201813,2215.1927437641725,3713.786848072563,5492.018140589569,7105.578231292517,15257.528344671202,17863.968253968254,25908.321995464852,31995.668934240362,35022.26757369615,,,,,,,
29,5,1109.7278911564624,2738.9569160997735,4068.072562358276,5884.671201814059,7632.857142857143,9014.240362811792,10760.2947845805,12228.299319727892,13706.57596371882,15105.873015873016,16579.7052154195,18387.868480725625,23916.666666666668,,,,
29,6,1199.8639455782313,2790.3174603174607,4197.755102040816,6390.748299319728,7945.510204081633,9620.47619047619,11645.873015873016,13608.43537414966,15962.358276643992,17486.59863945578,19215.46485260771,21128.63945578231,22754.625850340137,,,,
29,7,900.453514739229,2755.4875283446713,4913.378684807256,6891.746031746032,9012.1768707483,11140.136054421768,14933.10657596372,16700.340136054423,18624.897959183672,20337.02947845805,22535.57823129252,24117.68707482993,26695.804988662134,31344.78458049887,42339.97732426304,,
